####################################
# SETUP
####################################
CREATE DATABASE statements_digest;
USE statements_digest;
CREATE TABLE t1(a int);
CREATE TABLE t2(a int);
CREATE TABLE t3(a int, b int);
CREATE TABLE t4(a int, b int);
CREATE TABLE t5(a int, b int, c int);
CREATE TABLE t6(a int, b int, c int, d int);
CREATE TABLE t11 (c CHAR(4));
CREATE TABLE t12 (c CHAR(4));
TRUNCATE TABLE performance_schema.events_statements_summary_by_digest;
####################################
# EXECUTION
####################################
SELECT 1 FROM t1;
1
SELECT 1 FROM `t1`;
1
SELECT 1,2 FROM t1;
1	2
SELECT 1, 2, 3, 4 FROM t1;
1	2	3	4
SELECT 1 FROM t2;
1
SELECT 1,2 FROM t2;
1	2
SELECT 1, 2, 3, 4 FROM t2;
1	2	3	4
INSERT INTO t1 VALUES (1);
INSERT INTO t2 VALUES (1);
INSERT INTO t3 VALUES (1, 2);
INSERT INTO t4 VALUES (1, 2);
INSERT INTO t5 VALUES (1, 2, 3);
INSERT INTO t1 VALUES (1), (2), (3);
INSERT INTO t1 VALUES (1), (2), (3), (4);
INSERT INTO t3 VALUES (1, 2), (3, 4), (5, 6);
INSERT INTO t5 VALUES (1, 2, 3), (4, 5, 6), (7, 8, 9);
INSERT INTO t1 VALUES (NULL);
INSERT INTO t3 VALUES (NULL,NULL);
INSERT INTO t3 VALUES (1,NULL);
INSERT INTO t3 VALUES (NULL,1);
INSERT INTO t6 VALUES (NULL, NULL, NULL, NULL);
INSERT INTO t6 VALUES (1, NULL, NULL, NULL);
INSERT INTO t6 VALUES (NULL, 2, NULL, NULL);
INSERT INTO t6 VALUES (1, 2, 3, NULL);
INSERT INTO t6 VALUES (1, 2, NULL, 4);
SELECT                                          1           +        1;
1           +        1
2
SELECT 1;
1
1
SELECT 1 /* This is an inline comment */ + 1;
1 /* This is an inline comment */ + 1
2
SELECT 1+
/*
this is a
multiple-line comment
*/
1;
1+
/*
this is a
multiple-line comment
*/
1
2
CREATE SCHEMA statements_digest_temp;
DROP SCHEMA statements_digest_temp;
CREATE DATABASE statements_digest_temp;
DROP DATABASE statements_digest_temp;
SELECT 1 FROM no_such_table;
ERROR 42S02: Table 'statements_digest.no_such_table' doesn't exist
CREATE TABLE dup_table (c char(4));
CREATE TABLE dup_table (c char(4));
ERROR 42S01: Table 'dup_table' already exists
DROP TABLE dup_table;
INSERT INTO t11 VALUES("MySQL");
Warnings:
Warning	1265	Data truncated for column 'c' at row 1
PREPARE stmt FROM "SELECT * FROM t12";
EXECUTE stmt;
c
EXECUTE stmt;
c
DEALLOCATE PREPARE stmt;
CREATE PROCEDURE p1() BEGIN SELECT * FROM t12; END//
CALL p1();
c
CALL p1();
c
DROP PROCEDURE p1;
CREATE FUNCTION `func`(a INT, b INT) RETURNS int(11) RETURN a+b //
select func(3,4);
func(3,4)
7
select func(13,42);
func(13,42)
55
DROP FUNCTION func;
CREATE TRIGGER trg BEFORE INSERT ON t12 FOR EACH ROW SET @a:=1;
INSERT INTO t12 VALUES ("abc");
INSERT INTO t12 VALUES ("def");
DROP TRIGGER trg;
####################################
# QUERYING PS STATEMENT DIGEST
####################################
SELECT SCHEMA_NAME, DIGEST, DIGEST_TEXT, COUNT_STAR, SUM_ROWS_AFFECTED, SUM_WARNINGS,
SUM_ERRORS FROM performance_schema.events_statements_summary_by_digest;
SCHEMA_NAME	DIGEST	DIGEST_TEXT	COUNT_STAR	SUM_ROWS_AFFECTED	SUM_WARNINGS	SUM_ERRORS
statements_digest	eed7e04cbba55015979c7e0144720d20	TRUNCATE TABLE performance_schema . events_statements_summary_by_digest 	1	0	0	0
statements_digest	c673c978ff012688b2c36aa629f575cf	SELECT ? FROM t1 	1	0	0	0
statements_digest	8777489e2b3d03036671c17d672bdeb1	SELECT ? FROM `t1` 	1	0	0	0
statements_digest	36c0a05795ec266b59ea556d085a7ef0	SELECT ?, ... FROM t1 	2	0	0	0
statements_digest	de869bb544fd28e4a18b5341be81bcb2	SELECT ? FROM t2 	1	0	0	0
statements_digest	5b1a211fcdb435ac2d929e2b679e1386	SELECT ?, ... FROM t2 	2	0	0	0
statements_digest	95e71569fe8db58486fcea7637670fe2	INSERT INTO t1 VALUES (?) 	1	1	0	0
statements_digest	da2cf3e0cc62d8f7a651d541aa14f469	INSERT INTO t2 VALUES (?) 	1	1	0	0
statements_digest	6f7991d01e4c6fb560cd12d558b5e5b4	INSERT INTO t3 VALUES (...) 	4	4	0	0
statements_digest	e8c1df018fd59f444e4eb40fb0498c30	INSERT INTO t4 VALUES (...) 	1	1	0	0
statements_digest	96d58258797d847a4072e67e881023b5	INSERT INTO t5 VALUES (...) 	1	1	0	0
statements_digest	c34a0af05d1cb43406957ebc4c7cc5ca	INSERT INTO t1 VALUES (?) /* , ... */ 	2	7	0	0
statements_digest	883cf87045185a95310aebe9e709b9a7	INSERT INTO t3 VALUES (...) /* , ... */ 	1	3	0	0
statements_digest	06c5a2e2742b5e64d2c831229c76704f	INSERT INTO t5 VALUES (...) /* , ... */ 	1	3	0	0
statements_digest	cf8f95bbaa8b2ba154ae779c983e5d37	INSERT INTO t1 VALUES ( NULL ) 	1	1	0	0
statements_digest	cd8ab8df40078113ec202be031af8b17	INSERT INTO t6 VALUES (...) 	5	5	0	0
statements_digest	710f176d78f7fd5a80a301cfd1e94f1b	SELECT ? + ? 	3	0	0	0
statements_digest	988cbc22be02842c0d9a50d4d943e0da	SELECT ? 	1	0	0	0
statements_digest	918970552d725ac63aa6110b10d9e016	CREATE SCHEMA statements_digest_temp 	2	2	0	0
statements_digest	fd673eff746778302416b6dcc29ed9fa	DROP SCHEMA statements_digest_temp 	2	0	0	0
statements_digest	5f36d7a115628ea39006f0e98671d0ea	SELECT ? FROM no_such_table 	1	0	0	1
statements_digest	f09c626aeb92459b6611ca3839e85d30	CREATE TABLE dup_table ( c CHARACTER (?) ) 	2	0	0	1
statements_digest	c28c8c445b70aceb0cd0c7326402a026	DROP TABLE dup_table 	1	0	0	0
statements_digest	6b247a526c23a2b705192a53af229103	INSERT INTO t11 VALUES (?) 	1	1	1	0
statements_digest	d28f5e7a8b7c9ed4ab9e4ab3fcec7fd8	SHOW WARNINGS 	1	0	0	0
statements_digest	fae91fa60ca84b35909e3e4313c53824	PREPARE stmt FROM ? 	1	0	0	0
statements_digest	6b343ebf720214f641d3955a6fbf520f	EXECUTE stmt 	2	0	0	0
statements_digest	c8308af88ea2a3bb1b488499156d8999	DEALLOCATE PREPARE stmt 	1	0	0	0
statements_digest	c58e428c96fe77026d9f59fdde6f0de3	CREATE PROCEDURE p1 ( ) BEGIN SELECT * FROM t12 ; END 	1	0	0	0
statements_digest	41aeaff9006e79233b372bc3f25ec796	CALL p1 ( ) 	2	0	0	0
statements_digest	0c90c632580c8caf6869aa08dcf46beb	DROP PROCEDURE p1 	1	0	0	0
statements_digest	18971e785a30665db5ece9535b0ff510	CREATE FUNCTION `func` ( a INTEGER , b INTEGER ) RETURNS INTEGER (?) RETURN a + b 	1	0	0	0
statements_digest	f6975c667341d0d787ccbc57b229f6ff	SELECT func (...) 	2	0	0	0
statements_digest	4b86074b9884872fa2f2796a16bdff0a	DROP FUNCTION func 	1	0	0	0
statements_digest	1f8c16cc4a9633a0f1a368aae9aea9d2	CREATE TRIGGER trg BEFORE INSERT ON t12 FOR EACH ROW SET @ ? := ? 	1	0	0	0
statements_digest	b410ff000fa3cabafd2eb1f2dbd31e81	INSERT INTO t12 VALUES (?) 	2	2	0	0
statements_digest	cc7ff3bd3e5e7c6836cbb89b7c9eec48	DROP TRIGGER trg 	1	0	0	0
####################################
# CLEANUP
####################################
DROP TABLE IF EXISTS t1;
DROP TABLE IF EXISTS t2;
DROP TABLE IF EXISTS t3;
DROP TABLE IF EXISTS t4;
DROP TABLE IF EXISTS t5;
DROP TABLE IF EXISTS t6;
DROP TABLE IF EXISTS t11;
DROP TABLE IF EXISTS t12;
DROP DATABASE IF EXISTS statements_digest;
